caseId,sale_price,date,file_number,seller,type,document_url
79468,"$12,900",4/29/2025,2025065803,HERGUEUX JEANINE,TD,https://secure.sarasotaclerk.com/viewtiff.aspx?intrnum=2025065803
79468,"$50,000",6/23/2008,2008096637,"NEW VISTA PROPERTIES INC,",WD,https://secure.sarasotaclerk.com/viewtiff.aspx?intrnum=2008096637
79468,"$1,507,400",1/16/2001,2001008248,"ATLANTIC GULF COMMUNITIES CORP,",WD,https://secure.sarasotaclerk.com/viewtiff.aspx?intrnum=2001008248
79468,$100,11/15/1993,2577/1143,N C N B NATIONAL BANK,TR,https://secure.sarasotaclerk.com/viewtiff.aspx?intrnum=2577/1143
80425,"$3,900",3/28/2001,2001059620,"WEISBERG,GARY A",WD,https://secure.sarasotaclerk.com/viewtiff.aspx?intrnum=2001059620
80425,"$1,300",10/24/2000,2000135550,"METZLER JAMES A,",TD,https://secure.sarasotaclerk.com/viewtiff.aspx?intrnum=2000135550
80425,"$4,364",3/8/1990,2198/680,GENERAL DEVELOPMENT CORP,WD,https://secure.sarasotaclerk.com/viewtiff.aspx?intrnum=2198/680
82664,"$8,000",5/6/2015,2015084141,MC QUADE MICHAEL F,WD,https://secure.sarasotaclerk.com/viewtiff.aspx?intrnum=2015084141
82664,$0,12/1/1985,1824/1247,,NA,https://secure.sarasotaclerk.com/viewtiff.aspx?intrnum=1824/1247
81822,$0,6/25/2017,2017087338,ELLIS INEZ,QC,https://secure.sarasotaclerk.com/viewtiff.aspx?intrnum=2017087338
81822,"$3,400",2/1/1984,1660/2029,,NA,https://secure.sarasotaclerk.com/viewtiff.aspx?intrnum=1660/2029
