caseId,name,type,street_address,city,state,postal,country
79468,HERGUEUX JEANINE,OWNER,6 LE MOUCHOT ET LA PALE,AIBRE,,25750,France
79468,GENE OPHEIM,APPLICANT,2590 PINE RIDGE ROAD,TALLAHASSEE,FL,32308,UNITED STATES
79468,Post To Property,PROPERTY,BASKET ST,NORTH PORT,FL,34288,United States
79468,Enrik Corp,WINNING BIDDER,5301 Trekell Street,North Port,FL,34287,US
79468,Board of County Commissioners,BOCC,1660 Ringling Blvd,SARASOTA,FL,34236,United States
80425,JALOSZYNSKI STANLEY A,OWNER,4886 WEATHERTON ST,NORTH PORT,FL,34288-3318,United States
80425,JALOSZYNSKI STANLEY A.,OWNER,641 CABANA ROAD,VENICE,FL,34293,United States
80425,ABLD VC LLC,APPLICANT,11072 TURTLE BEACH RD,NORTH PALM BEACH,FL,33408,UNITED STATES
80425,Post To Property,PROPERTY,PROSCH CIR,NORTH PORT,FL,34288,United States
80425,FAITH LINK,INTERESTED PARTY,5176 PROSCH CIR,NORTH PORT,FL,34288-7352,United States
80425,ROBERT LINK,INTERESTED PARTY,5176 PROSCH CIR,NORTH PORT,FL,34288-7352,United States
80425,"YHMD Enterprise, LLC",WINNING BIDDER,6049 23rd Ave N,Saint Petersburg,FL,33710,US
80425,Board of County Commissioners,BOCC,1660 Ringling Blvd,SARASOTA,FL,34236,United States
82664,GENNADIY PAVUNKO,OWNER,9934 W 66TH CIRCLE,ARVADA,CO,80004,United States
82664,IGOR G PAVUNKO,OWNER,6283 E 116TH AVE,THORNTON,CO,80233-5575,United States
82664,OKSANA A POGRIBNA,OWNER,4355 FLORIBUNDA CT APT 205,KISSIMMEE,FL,34746,United States
82664,PAVUNKO GENNADIY,OWNER,468 HARLAND ST,NORTH PORT,FL,34287-1217,United States
82664,SVETLANA VIRGILIO,OWNER,13137 JASMINE ST,THORNTON,CO,80602-9127,United States
82664,"ELEVENTH TALENT, LLC",APPLICANT,PO BOX 769,PALM CITY,FL,34991,UNITED STATES
82664,DEPARTMENT OF THE TREASURY IN...hover to see full name,LIENHOLDER/MORTGAGEE,,BALTIMORE,MD,,United States
82664,Post To Property,PROPERTY,BRANK ST,NORTH PORT,FL,34291,United States
82664,Board of County Commissioners,BOCC,1660 Ringling Blvd,SARASOTA,FL,34236,United States
81822,LM SWAY INVESTMENT GROUP LLC,OWNER,4160 NW 49TH TER,LAUDERDALE LAKES,FL,33319-4688,United States
81822,"LM SWAY INVESTMENT GROUP, LLC",OWNER,4160 NORTHWEST 49TH TERRACE,LAUDERDALE LAKES,FL,33319,United States
81822,ELLIS MARCUS ANTONIO,OWNER,5811 NW 82ND TER,TAMARAC,FL,33321-4535,United States
81822,SMITH SHEREESE BRITTNEY,OWNER,116 W 6TH ST W,LAKELAND,FL,33805,United States
81822,CANAL TAX SB MUNI CUST FOR,APPLICANT,PO BOX 31191,TAMPA,FL,33631,UNITED STATES
81822,Post To Property,PROPERTY,HATTERAS AVE,NORTH PORT,FL,34288,United States
81822,Board of County Commissioners,BOCC,1660 Ringling Blvd,SARASOTA,FL,34236,United States
