caseId,case_number,application_num,parcel_num,status,sale_date,surplus_balance,auction_scheduled,surplus_available,legal_description,doc_count
82664,2025 TD 000302,250302,0950133706,ACTIVE,Not Assigned,$0.00,False,False,LOTS 6 & 7 BLK 1337 26TH ADD TO PORT CHARLOTTE,5
81822,2025 TD 000266,250266,1148204022,ACTIVE,Not Assigned,$0.00,False,False,LOT 22 BLK 2040 44TH ADD TO PORT CHARLOTTE,4
80425,2025 TD 000090,250090,1142257306,ACTIVE - SOLD BIDDER,07/22/2025,"$7,500.46",True,True,LOT 6 BLK 2573 51ST ADD TO PORT CHARLOTTE,22
79468,2025 TD 000003,250003,1144095702,ACTIVE - SOLD BIDDER,04/29/2025,"$6,413.65",True,True,LOT 2 BLK 957 22ND ADD TO PORT CHARLOTTE,19
