caseId,case_number,address,status,surplus_balance,date,sale_date,app_receive_date,parcel_num,application_num,municipality,subdivision,property_use,homestead,zoning,land_area,living_units,ownership_info,prop_appr_url,latest_sale_price,latest_sale_date,latest_sale_seller,flood_zone,flood_sfha,floodway,auction_scheduled,surplus_available,doc_count,legal_description,winning-bid,r4c-opening-bid
79468,2025 TD 000003,"BASKET ST NORTH PORT, FL 34288",OPEN,"$6,413.65",01/27/2025,04/29/2025,"January 27, 2025",1144095702,250003,City of North Port,1566 - PORT CHARLOTTE SUB 22,0000 - Residential vacant site,False,R1   - RESIDENTIAL LOW,"10,000 Sq.Ft.",0,"ENRIK CORP 5301 TREKELL ST, NORTH PORT, FL, 34287-2820",https://www.sc-pa.com/propertysearch/parcel/details/1144095702,"$12,900",4/29/2025,HERGUEUX JEANINE,X,OUT,OUT,True,True,19,LOT 2 BLK 957 22ND ADD TO PORT CHARLOTTE,"$12,900.00","$6,370.37"
80425,2025 TD 000090,"PROSCH CIR NORTH PORT, FL 34288",OPEN,"$7,500.46",04/14/2025,07/22/2025,"April 14, 2025",1142257306,250090,City of North Port,1799 - PORT CHARLOTTE SUB 51,0000 - Residential vacant site,False,R1   - RESIDENTIAL LOW,"12,772 Sq.Ft.",0,"JALOSZYNSKI STANLEY A 4886 WEATHERTON ST, NORTH PORT, FL, 34288-3318",https://www.sc-pa.com/propertysearch/parcel/details/1142257306,"$3,900",3/28/2001,"WEISBERG,GARY A",AE,IN,OUT,True,True,22,LOT 6 BLK 2573 51ST ADD TO PORT CHARLOTTE,"$14,400.00","$6,764.70"
82664,2025 TD 000302,"BRANK ST NORTH PORT, FL 34291",OPEN,$0.00,07/10/2025,Not Assigned,"July 10, 2025",0950133706,250302,City of North Port,1573 - PORT CHARLOTTE SUB 26,0000 - Residential vacant site,False,R1   - RESIDENTIAL LOW,"10,000 Sq.Ft.",0,"PAVUNKO GENNADIY 468 HARLAND ST, NORTH PORT, FL, 34287-1217",https://www.sc-pa.com/propertysearch/parcel/details/0950133706,"$8,000",5/6/2015,MC QUADE MICHAEL F,X,OUT,OUT,False,False,5,LOTS 6 & 7 BLK 1337 26TH ADD TO PORT CHARLOTTE,[None],[None]
81822,2025 TD 000266,"HATTERAS AVE NORTH PORT, FL 34288",OPEN,$0.00,06/05/2025,Not Assigned,"June 5, 2025",1148204022,250266,City of North Port,1766 - PORT CHARLOTTE SUB 44,0000 - Residential vacant site,False,AC10 - ACTIVITY CENTER 10,"11,892 Sq.Ft.",0,"LM SWAY INVESTMENT GROUP LLC 4160 NW 49TH TER, LAUDERDALE LAKES, FL, 33319-4688",https://www.sc-pa.com/propertysearch/parcel/details/1148204022,$0,6/25/2017,ELLIS INEZ,X,OUT,OUT,False,False,4,LOT 22 BLK 2040 44TH ADD TO PORT CHARLOTTE,[None],[None]
