caseId,document_id,doctype,category,orig_filename,upload_date,local_filename
82664,9491337,CASE_LOG,Additional Taxes Due for Split Parcel,SPLIT 25-0302.PDF,2025-07-11T00:00:00,82664_9491337_CASE_LOG.pdf
82664,9482165,CASE_LOG,Others To Notify,250302_OTBN_2025-07-10_155924.pdf,2025-07-10T00:00:00,82664_9482165_CASE_LOG.pdf
82664,9482164,CASE_LOG,Tax Deed Document,250302_OEReport_Forseti_1752178110385.pdf,2025-07-10T00:00:00,82664_9482164_CASE_LOG.pdf
82664,9482163,CASE_LOG,Tax Deed Document,250302_D513b_2025-07-10_155924.pdf,2025-07-10T00:00:00,82664_9482163_CASE_LOG.pdf
82664,9482162,CASE_LOG,Tax Deed Document,250302_D512b_2025-07-10_155923.pdf,2025-07-10T00:00:00,82664_9482162_CASE_LOG.pdf
81822,9296528,CASE_LOG,Others To Notify,250266_OTBN_2025-06-05_101310.pdf,2025-06-05T00:00:00,81822_9296528_CASE_LOG.pdf
81822,9296523,CASE_LOG,Tax Deed Document,250266_OEReport_Forseti_1749134952962.pdf,2025-06-05T00:00:00,81822_9296523_CASE_LOG.pdf
81822,9296522,CASE_LOG,Tax Deed Document,250266_D513b_2025-06-05_101310.pdf,2025-06-05T00:00:00,81822_9296522_CASE_LOG.pdf
81822,9296521,CASE_LOG,Tax Deed Document,250266_D512b_2025-06-05_101309.pdf,2025-06-05T00:00:00,81822_9296521_CASE_LOG.pdf
80425,9535127,CASE_LOG,SURPLUS_LETTER,SURPLUS_LETTER.pdf,2025-07-23T00:00:00,80425_9535127_CASE_LOG.pdf
80425,9528409,CASE_LOG,Bid Log,2025_TD_000090.PDF,2025-07-22T00:00:00,80425_9528409_CASE_LOG.pdf
80425,9526611,CASE_LOG,USPS Certified Mail Status,ROBERT LINK.pdf,2025-07-21T00:00:00,80425_9526611_CASE_LOG.pdf
80425,9526610,CASE_LOG,USPS Certified Mail Status,FAITH LINK.pdf,2025-07-21T00:00:00,80425_9526610_CASE_LOG.pdf
80425,9487561,CASE_LOG,USPS Certified Mail Status,JALOSZYNSKI STANLEY A..pdf,2025-07-11T00:00:00,80425_9487561_CASE_LOG.pdf
80425,9487560,CASE_LOG,USPS Certified Mail Status,JALOSZYNSKI STANLEY A taxys.pdf,2025-07-11T00:00:00,80425_9487560_CASE_LOG.pdf
80425,9487559,CASE_LOG,USPS Certified Mail Status,ABLD VC LLC.pdf,2025-07-11T00:00:00,80425_9487559_CASE_LOG.pdf
80425,9487260,CASE_LOG,Returned Mail,2025-TD-0000900004.pdf,2025-07-11T00:00:00,80425_9487260_CASE_LOG.pdf
80425,9469567,CASE_LOG,Returned Mail,2025-TD-0000900003.pdf,2025-07-09T00:00:00,80425_9469567_CASE_LOG.pdf
80425,9463015,CASE_LOG,Sheriff's Return of Service,2025-TD-000090s.pdf,2025-07-08T00:00:00,80425_9463015_CASE_LOG.pdf
80425,9463014,CASE_LOG,Sheriff's Return of Service,2025-TD-000090p.pdf,2025-07-08T00:00:00,80425_9463014_CASE_LOG.pdf
80425,9458708,CASE_LOG,Publication Proof,2025-TD-0000900002.pdf,2025-07-08T00:00:00,80425_9458708_CASE_LOG.pdf
80425,9440410,CASE_LOG,Returned Mail,2025-TD-0000900001.pdf,2025-07-02T00:00:00,80425_9440410_CASE_LOG.pdf
80425,9334335,CASE_LOG,Recorded Notice of Application,2025-TD-000090.pdf,2025-06-12T00:00:00,80425_9334335_CASE_LOG.pdf
80425,9314329,CASE_LOG,NOA_PARTIES,NOA_PARTIES0001.pdf,2025-06-09T00:00:00,80425_9314329_CASE_LOG.pdf
80425,9314319,CASE_LOG,SHERIFF_LETTER,SHERIFF_LETTER0001.pdf,2025-06-09T00:00:00,80425_9314319_CASE_LOG.pdf
80425,9314318,CASE_LOG,COM_PARTIES,COM_PARTIES0001.pdf,2025-06-09T00:00:00,80425_9314318_CASE_LOG.pdf
80425,9314114,CASE_LOG,NOA_PUBLISHER,NOA_PUBLISHER0001.pdf,2025-06-09T00:00:00,80425_9314114_CASE_LOG.pdf
80425,9112171,CASE_LOG,Others To Notify,250090_OTBN_2025-04-14_162310.pdf,2025-04-14T00:00:00,80425_9112171_CASE_LOG.pdf
80425,9112170,CASE_LOG,Tax Deed Document,250090_OEReport_Forseti_1744662794587.pdf,2025-04-14T00:00:00,80425_9112170_CASE_LOG.pdf
80425,9112169,CASE_LOG,Tax Deed Document,250090_D513b_2025-04-14_162310.pdf,2025-04-14T00:00:00,80425_9112169_CASE_LOG.pdf
80425,9112168,CASE_LOG,Tax Deed Document,250090_D512b_2025-04-14_162310.pdf,2025-04-14T00:00:00,80425_9112168_CASE_LOG.pdf
79468,9316321,CASE_LOG,Returned Mail,2025-TD-0000030003.pdf,2025-06-10T00:00:00,79468_9316321_CASE_LOG.pdf
79468,9162813,CASE_LOG,Publication Invoice,Publication Invoice.pdf,2025-05-02T00:00:00,79468_9162813_CASE_LOG.pdf
79468,9157075,CASE_LOG,SURPLUS_LETTER,SURPLUS_LETTER.pdf,2025-05-01T00:00:00,79468_9157075_CASE_LOG.pdf
79468,9149746,CASE_LOG,Recorded Deed,2025-TD-0000030002.pdf,2025-04-30T00:00:00,79468_9149746_CASE_LOG.pdf
79468,9149641,CASE_LOG,Recorded Proof of Publication,2025-TD-0000030001.pdf,2025-04-30T00:00:00,79468_9149641_CASE_LOG.pdf
79468,9144754,CASE_LOG,Bid Log,2025_TD_000003.PDF,2025-04-29T00:00:00,79468_9144754_CASE_LOG.pdf
79468,9141419,CASE_LOG,USPS Certified Mail Status,GENE OPHEIM.pdf,2025-04-28T00:00:00,79468_9141419_CASE_LOG.pdf
79468,9141418,CASE_LOG,USPS Registered Mail Status,HERGUEUX JEANINE taxys.pdf,2025-04-28T00:00:00,79468_9141418_CASE_LOG.pdf
79468,9117823,CASE_LOG,Publication Proof,2025 TD 000003.pdf,2025-04-16T00:00:00,79468_9117823_CASE_LOG.pdf
79468,9062168,CASE_LOG,Sheriff's Return of Service,2025-TD-000003p.pdf,2025-03-26T00:00:00,79468_9062168_CASE_LOG.pdf
79468,9039248,CASE_LOG,Recorded Notice of Application,2025-TD-000003.pdf,2025-03-18T00:00:00,79468_9039248_CASE_LOG.pdf
79468,9030643,CASE_LOG,COM_PARTIES,COM_PARTIES.pdf,2025-03-14T00:00:00,79468_9030643_CASE_LOG.pdf
79468,9030629,CASE_LOG,SHERIFF_LETTER,SHERIFF_LETTER.pdf,2025-03-14T00:00:00,79468_9030629_CASE_LOG.pdf
79468,9030021,CASE_LOG,NOA_PARTIES,NOA_PARTIES.pdf,2025-03-14T00:00:00,79468_9030021_CASE_LOG.pdf
79468,9029704,CASE_LOG,NOA_PUBLISHER,NOA_PUBLISHER.pdf,2025-03-14T00:00:00,79468_9029704_CASE_LOG.pdf
79468,8851719,CASE_LOG,Others To Notify,250003_OTBN_2025-01-27_102101.pdf,2025-01-27T00:00:00,79468_8851719_CASE_LOG.pdf
79468,8851718,CASE_LOG,Tax Deed Document,250003_OEReport_Forseti_1737991682956.pdf,2025-01-27T00:00:00,79468_8851718_CASE_LOG.pdf
79468,8851717,CASE_LOG,Tax Deed Document,250003_D513b_2025-01-27_102100.pdf,2025-01-27T00:00:00,79468_8851717_CASE_LOG.pdf
79468,8851716,CASE_LOG,Tax Deed Document,250003_D512b_2025-01-27_102100.pdf,2025-01-27T00:00:00,79468_8851716_CASE_LOG.pdf
